{
    "name": "Hydroponic Server",
    "description": "",
    "dependencies": {
        "core": "*",
        "radio": "*",
        "microphone": "*",
        "Environment-and-Science-IoT": "github:tinkertanker/pxt-iot-environment-kit#v5.2.0",
        "pxt-esp8266_thingspeak": "github:alankrantas/pxt-esp8266_thingspeak#v0.0.3",
        "pxt-DHT11_DHT22": "github:alankrantas/pxt-dht11_dht22#v0.0.3"
    },
    "files": [
        "main.blocks",
        "main.ts",
        "README.md",
        "main.py"
    ],
    "testFiles": [
        "test.ts"
    ],
    "targetVersions": {
        "target": "5.0.12",
        "targetId": "microbit"
    },
    "supportedTargets": [
        "microbit"
    ],
    "preferredEditor": "pyprj"
}
